test,chi2,p_value,df,small_exp_ratio(<5),spearman_rho,spearman_p,pearson_r,pearson_p
Chi-square (인구 비례),13833.667140584534,0.0,30.0,0.194,,,,
Chi-square (65세이상 비례),4771.976358145328,0.0,30.0,0.0,,,,
Correlation (AED~총인구),,,,,-0.29913930498710184,0.10209647442613695,-0.26756220504897127,0.14561711508932074
Correlation (AED~65세이상),,,,,-0.22073996365283755,0.23274757328259366,-0.2791486096778181,0.12831558542948004
