test,chi2,p_value,df,small_exp_ratio(<5),spearman_rho,spearman_p,pearson_r,pearson_p
Chi-square (인구 비례),13834.187390870535,0.0,30.0,0.194,,,,
Chi-square (65세이상 비례),4787.408872459624,0.0,30.0,0.0,,,,
Correlation (AED~총인구),,,,,-0.29913930498710184,0.10209647442613695,-0.2660724262907667,0.1479587668186138
Correlation (AED~65세이상),,,,,-0.22073996365283755,0.23274757328259366,-0.2771010028699412,0.13125744906681638
