test,chi2,p_value,df,small_exp_ratio(<5),spearman_rho,spearman_p,pearson_r,pearson_p
Chi-square (인구 비례),39985.03027187803,0.0,30.0,0.194,,,,
Chi-square (65세이상 비례),11629.421305157484,0.0,30.0,0.0,,,,
Correlation (AED~총인구),,,,,-0.2582352976255393,0.16072711018783722,-0.22424780513603385,0.2252180128347847
Correlation (AED~65세이상),,,,,-0.1869558385017706,0.3139035270379694,-0.2675999063866171,0.14555820640632025
