test,chi2,p_value,df,small_exp_ratio(<5),spearman_rho,spearman_p,pearson_r,pearson_p
Chi-square (인구 비례),40586.731283802954,0.0,30.0,0.194,,,,
Chi-square (65세이상 비례),11802.496232046768,0.0,30.0,0.0,,,,
Correlation (AED~총인구),,,,,-0.24904518039429918,0.17668164077233697,-0.22278563888005784,0.22833625766996746
Correlation (AED~65세이상),,,,,-0.17594034003325798,0.34376509886548934,-0.266212377173078,0.14773763805606246
