metric,n_dong,n_eupmyeon,mw_U,mw_p,t_stat,t_p
aed_per_10k,19,12,8.0,1.59395860049919e-05,-1.206045158948026,0.2530979833668824
aed_per_1k_65p,19,12,23.0,0.00021412693392594884,-1.3003553169319424,0.21995722880218926
aed_count,19,12,21.0,0.00015102473969088033,-1.65586631025837,0.12482047572072871
