metric,n_dong,n_eupmyeon,mw_U,mw_p,t_stat,t_p
aed_per_10k,19,12,8.0,1.59395860049919e-05,-1.9647730975003452,0.07518616420193938
aed_per_1k_65p,19,12,21.0,0.00015461019718357083,-2.082647172540199,0.06098914189694801
aed_count,19,12,18.5,9.96700352447491e-05,-2.2621786043935903,0.043212004276267806
